"WindowsSource","MacSourceOrEquivalent","Status","ManualScenario","Exception"
"controls/Wino.Mail.Controls.WinUI/Themes/WinoIntelligenceBranding.xaml","controls/Wino.Mail.Controls.AppKit/Themes/WinoIntelligenceBranding.cs","full-parity roadmap","Compare commands, bindings, keyboard/accessibility, loading/error/empty states and lifecycle against the Windows source","None (only Store UI excluded; print/PDF/general activation/global hotkeys follow prototype)"
"controls/Wino.Mail.Controls.WinUI/Themes/WinoIllustrations.xaml","controls/Wino.Mail.Controls.AppKit/Themes/WinoIllustrations.cs","full-parity roadmap","Compare commands, bindings, keyboard/accessibility, loading/error/empty states and lifecycle against the Windows source","None (only Store UI excluded; print/PDF/general activation/global hotkeys follow prototype)"
"controls/Wino.Mail.Controls.WinUI/Themes/Generic.xaml","controls/Wino.Mail.Controls.AppKit/Themes/Generic.cs","full-parity roadmap","Compare commands, bindings, keyboard/accessibility, loading/error/empty states and lifecycle against the Windows source","None (only Store UI excluded; print/PDF/general activation/global hotkeys follow prototype)"
"controls/Wino.Editor.WinUI/WinoMailRenderer.xaml","controls/Wino.Editor.AppKit/WinoMailRenderer.cs","full-parity roadmap","Compare commands, bindings, keyboard/accessibility, loading/error/empty states and lifecycle against the Windows source","None (only Store UI excluded; print/PDF/general activation/global hotkeys follow prototype)"
"controls/Wino.Editor.WinUI/WinoMailEditor.xaml","controls/Wino.Editor.AppKit/WinoMailEditor.cs","full-parity roadmap","Compare commands, bindings, keyboard/accessibility, loading/error/empty states and lifecycle against the Windows source","None (only Store UI excluded; print/PDF/general activation/global hotkeys follow prototype)"
"controls/Wino.Editor.WinUI/WindowsEditorSessions.cs","controls/Wino.Editor.AppKit/WindowsEditorSessions.cs","full-parity roadmap","Compare commands, bindings, keyboard/accessibility, loading/error/empty states and lifecycle against the Windows source","None (only Store UI excluded; print/PDF/general activation/global hotkeys follow prototype)"
"controls/Wino.Editor.WinUI/WindowsAutoCorrect.cs","controls/Wino.Editor.AppKit/WindowsAutoCorrect.cs","full-parity roadmap","Compare commands, bindings, keyboard/accessibility, loading/error/empty states and lifecycle against the Windows source","None (only Store UI excluded; print/PDF/general activation/global hotkeys follow prototype)"
"controls/Wino.Editor.WinUI/EditorSelectorBar.xaml","controls/Wino.Editor.AppKit/EditorSelectorBar.cs","full-parity roadmap","Compare commands, bindings, keyboard/accessibility, loading/error/empty states and lifecycle against the Windows source","None (only Store UI excluded; print/PDF/general activation/global hotkeys follow prototype)"
"src/Wino.Mail.WinUI/WhatsNewWindow.xaml","src/Wino.Mail.MacOS/WhatsNewWindow.cs","full-parity roadmap","Compare commands, bindings, keyboard/accessibility, loading/error/empty states and lifecycle against the Windows source","None (only Store UI excluded; print/PDF/general activation/global hotkeys follow prototype)"
"src/Wino.Mail.WinUI/WelcomeWindow.xaml","src/Wino.Mail.MacOS/WelcomeWindow.cs","source-implemented; native/manual acceptance pending","Compare commands, bindings, keyboard/accessibility, loading/error/empty states and lifecycle against the Windows source","None (only Store UI excluded; print/PDF/general activation/global hotkeys follow prototype)"
"controls/Wino.Mail.Controls.WinUI/HoverActions/HoverActionsControl.xaml","controls/Wino.Mail.Controls.AppKit/HoverActions/HoverActionsControl.cs","full-parity roadmap","Compare commands, bindings, keyboard/accessibility, loading/error/empty states and lifecycle against the Windows source","None (only Store UI excluded; print/PDF/general activation/global hotkeys follow prototype)"
"controls/Wino.Mail.Controls.WinUI/IntelligenceTileBar/WinoMailIntelligenceTileBar.xaml","controls/Wino.Mail.Controls.AppKit/IntelligenceTileBar/WinoMailIntelligenceTileBar.cs","full-parity roadmap","Compare commands, bindings, keyboard/accessibility, loading/error/empty states and lifecycle against the Windows source","None (only Store UI excluded; print/PDF/general activation/global hotkeys follow prototype)"
"src/Wino.Mail.WinUI/Views/WinoAppShell.xaml","src/Wino.Mail.MacOS/Views/WinoAppShell.cs","source-implemented; native/manual acceptance pending","Compare commands, bindings, keyboard/accessibility, loading/error/empty states and lifecycle against the Windows source","None (only Store UI excluded; print/PDF/general activation/global hotkeys follow prototype)"
"src/Wino.Mail.WinUI/Views/WelcomePageV2.xaml","src/Wino.Mail.MacOS/Views/WelcomePageV2.cs","source-implemented; native/manual acceptance pending","Compare commands, bindings, keyboard/accessibility, loading/error/empty states and lifecycle against the Windows source","None (only Store UI excluded; print/PDF/general activation/global hotkeys follow prototype)"
"src/Wino.Mail.WinUI/Views/WelcomeHostPage.xaml","src/Wino.Mail.MacOS/Views/WelcomeHostPage.cs","full-parity roadmap","Compare commands, bindings, keyboard/accessibility, loading/error/empty states and lifecycle against the Windows source","None (only Store UI excluded; print/PDF/general activation/global hotkeys follow prototype)"
"controls/Wino.Mail.Controls.WinUI/IntelligenceProgressRing/WinoIntelligenceProgressRing.xaml","controls/Wino.Mail.Controls.AppKit/IntelligenceProgressRing/WinoIntelligenceProgressRing.cs","full-parity roadmap","Compare commands, bindings, keyboard/accessibility, loading/error/empty states and lifecycle against the Windows source","None (only Store UI excluded; print/PDF/general activation/global hotkeys follow prototype)"
"controls/Wino.Mail.Controls.WinUI/ContextFlyout/WinoContextFlyoutTemplateSelector.cs","controls/Wino.Mail.Controls.AppKit/ContextFlyout/WinoContextFlyoutTemplateSelector.cs","full-parity roadmap","Compare commands, bindings, keyboard/accessibility, loading/error/empty states and lifecycle against the Windows source","None (only Store UI excluded; print/PDF/general activation/global hotkeys follow prototype)"
"controls/Wino.Mail.Controls.WinUI/ContextFlyout/WinoContextFlyoutResources.xaml","controls/Wino.Mail.Controls.AppKit/ContextFlyout/WinoContextFlyoutResources.cs","full-parity roadmap","Compare commands, bindings, keyboard/accessibility, loading/error/empty states and lifecycle against the Windows source","None (only Store UI excluded; print/PDF/general activation/global hotkeys follow prototype)"
"controls/Wino.Mail.Controls.WinUI/ContextFlyout/WinoContextFlyoutPresenter.cs","controls/Wino.Mail.Controls.AppKit/ContextFlyout/WinoContextFlyoutPresenter.cs","full-parity roadmap","Compare commands, bindings, keyboard/accessibility, loading/error/empty states and lifecycle against the Windows source","None (only Store UI excluded; print/PDF/general activation/global hotkeys follow prototype)"
"controls/Wino.Mail.Controls.WinUI/ContextFlyout/WinoContextFlyoutItem.cs","controls/Wino.Mail.Controls.AppKit/ContextFlyout/WinoContextFlyoutItem.cs","full-parity roadmap","Compare commands, bindings, keyboard/accessibility, loading/error/empty states and lifecycle against the Windows source","None (only Store UI excluded; print/PDF/general activation/global hotkeys follow prototype)"
"controls/Wino.Mail.Controls.WinUI/ContextFlyout/WinoContextFlyout.cs","controls/Wino.Mail.Controls.AppKit/ContextFlyout/WinoContextFlyout.cs","full-parity roadmap","Compare commands, bindings, keyboard/accessibility, loading/error/empty states and lifecycle against the Windows source","None (only Store UI excluded; print/PDF/general activation/global hotkeys follow prototype)"
"controls/Wino.Mail.Controls.WinUI/ContextFlyout/ContextFlyoutRow.cs","controls/Wino.Mail.Controls.AppKit/ContextFlyout/ContextFlyoutRow.cs","full-parity roadmap","Compare commands, bindings, keyboard/accessibility, loading/error/empty states and lifecycle against the Windows source","None (only Store UI excluded; print/PDF/general activation/global hotkeys follow prototype)"
"controls/Wino.Mail.Controls.WinUI/ContextFlyout/ContextFlyoutHeaderRow.cs","controls/Wino.Mail.Controls.AppKit/ContextFlyout/ContextFlyoutHeaderRow.cs","full-parity roadmap","Compare commands, bindings, keyboard/accessibility, loading/error/empty states and lifecycle against the Windows source","None (only Store UI excluded; print/PDF/general activation/global hotkeys follow prototype)"
"src/Wino.Mail.WinUI/Views/ToDo/ToDoPage.xaml","src/Wino.Mail.MacOS/Views/ToDo/ToDoPage.cs","full-parity roadmap","Compare commands, bindings, keyboard/accessibility, loading/error/empty states and lifecycle against the Windows source","None (only Store UI excluded; print/PDF/general activation/global hotkeys follow prototype)"
"src/Wino.Mail.WinUI/Views/TestPage.xaml","src/Wino.Mail.MacOS/Views/TestPage.cs","full-parity roadmap","Compare commands, bindings, keyboard/accessibility, loading/error/empty states and lifecycle against the Windows source","None (only Store UI excluded; print/PDF/general activation/global hotkeys follow prototype)"
"src/Wino.Mail.WinUI/Views/SpecialImapCredentialsPage.xaml","src/Wino.Mail.MacOS/Views/SpecialImapCredentialsPage.cs","full-parity roadmap","Compare commands, bindings, keyboard/accessibility, loading/error/empty states and lifecycle against the Windows source","None (only Store UI excluded; print/PDF/general activation/global hotkeys follow prototype)"
"src/Wino.Mail.WinUI/Views/SettingsPage.xaml","src/Wino.Mail.MacOS/Views/SettingsPage.cs","full-parity roadmap","Compare commands, bindings, keyboard/accessibility, loading/error/empty states and lifecycle against the Windows source","None (only Store UI excluded; print/PDF/general activation/global hotkeys follow prototype)"
"src/Wino.Mail.WinUI/CoreGeneric.xaml","src/Wino.Mail.MacOS/CoreGeneric.cs","full-parity roadmap","Compare commands, bindings, keyboard/accessibility, loading/error/empty states and lifecycle against the Windows source","None (only Store UI excluded; print/PDF/general activation/global hotkeys follow prototype)"
"src/Wino.Mail.WinUI/Models/WinoWindowKind.cs","src/Wino.Mail.MacOS/Models/WinoWindowKind.cs","full-parity roadmap","Compare commands, bindings, keyboard/accessibility, loading/error/empty states and lifecycle against the Windows source","None (only Store UI excluded; print/PDF/general activation/global hotkeys follow prototype)"
"src/Wino.Mail.WinUI/Models/WindowsTaskbarPosition.cs","src/Wino.Mail.MacOS/Models/WindowsTaskbarPosition.cs","full-parity roadmap","Compare commands, bindings, keyboard/accessibility, loading/error/empty states and lifecycle against the Windows source","None (only Store UI excluded; print/PDF/general activation/global hotkeys follow prototype)"
"src/Wino.Mail.WinUI/HostedContentPopoutWindow.xaml","src/Wino.Mail.MacOS/HostedContentPopoutWindow.cs","full-parity roadmap","Compare commands, bindings, keyboard/accessibility, loading/error/empty states and lifecycle against the Windows source","None (only Store UI excluded; print/PDF/general activation/global hotkeys follow prototype)"
"src/Wino.Mail.WinUI/App.xaml","src/Wino.Mail.MacOS/App.cs","full-parity roadmap","Compare commands, bindings, keyboard/accessibility, loading/error/empty states and lifecycle against the Windows source","None (only Store UI excluded; print/PDF/general activation/global hotkeys follow prototype)"
"src/Wino.Mail.WinUI/Views/Settings/AccountUnreadBadgePage.xaml","src/Wino.Mail.MacOS/Views/Settings/AccountUnreadBadgePage.cs","full-parity roadmap","Compare commands, bindings, keyboard/accessibility, loading/error/empty states and lifecycle against the Windows source","None (only Store UI excluded; print/PDF/general activation/global hotkeys follow prototype)"
"src/Wino.Mail.WinUI/Views/Settings/AboutPage.xaml","src/Wino.Mail.MacOS/Views/Settings/AboutPage.cs","source-implemented; native/manual acceptance pending","Compare commands, bindings, keyboard/accessibility, loading/error/empty states and lifecycle against the Windows source","None (only Store UI excluded; print/PDF/general activation/global hotkeys follow prototype)"
"src/Wino.Mail.WinUI/Views/SettingOptionsPage.xaml","src/Wino.Mail.MacOS/Views/SettingOptionsPage.cs","full-parity roadmap","Compare commands, bindings, keyboard/accessibility, loading/error/empty states and lifecycle against the Windows source","None (only Store UI excluded; print/PDF/general activation/global hotkeys follow prototype)"
"src/Wino.Mail.WinUI/MigrationWindow.xaml","src/Wino.Mail.MacOS/MigrationWindow.cs","full-parity roadmap","Compare commands, bindings, keyboard/accessibility, loading/error/empty states and lifecycle against the Windows source","None (only Store UI excluded; print/PDF/general activation/global hotkeys follow prototype)"
"src/Wino.Mail.WinUI/Views/ProviderSelectionPage.xaml","src/Wino.Mail.MacOS/Views/ProviderSelectionPage.cs","source-implemented; native/manual acceptance pending","Compare commands, bindings, keyboard/accessibility, loading/error/empty states and lifecycle against the Windows source","None (only Store UI excluded; print/PDF/general activation/global hotkeys follow prototype)"
"src/Wino.Mail.WinUI/Views/Settings/ContactsPage.xaml","src/Wino.Mail.MacOS/Views/Settings/ContactsPage.cs","full-parity roadmap","Compare commands, bindings, keyboard/accessibility, loading/error/empty states and lifecycle against the Windows source","None (only Store UI excluded; print/PDF/general activation/global hotkeys follow prototype)"
"src/Wino.Mail.WinUI/Views/Settings/ContactEditPage.xaml","src/Wino.Mail.MacOS/Views/Settings/ContactEditPage.cs","full-parity roadmap","Compare commands, bindings, keyboard/accessibility, loading/error/empty states and lifecycle against the Windows source","None (only Store UI excluded; print/PDF/general activation/global hotkeys follow prototype)"
"src/Wino.Mail.WinUI/Views/Settings/CompanionSettingsPage.xaml","src/Wino.Mail.MacOS/Views/Settings/CompanionSettingsPage.cs","full-parity roadmap","Compare commands, bindings, keyboard/accessibility, loading/error/empty states and lifecycle against the Windows source","None (only Store UI excluded; print/PDF/general activation/global hotkeys follow prototype)"
"src/Wino.Mail.WinUI/Views/Settings/BackupRestorePage.xaml","src/Wino.Mail.MacOS/Views/Settings/BackupRestorePage.cs","full-parity roadmap","Compare commands, bindings, keyboard/accessibility, loading/error/empty states and lifecycle against the Windows source","None (only Store UI excluded; print/PDF/general activation/global hotkeys follow prototype)"
"src/Wino.Mail.WinUI/Views/Settings/AppPreferencesPage.xaml","src/Wino.Mail.MacOS/Views/Settings/AppPreferencesPage.cs","full-parity roadmap","Compare commands, bindings, keyboard/accessibility, loading/error/empty states and lifecycle against the Windows source","None (only Store UI excluded; print/PDF/general activation/global hotkeys follow prototype)"
"src/Wino.Mail.WinUI/Views/Settings/ApplicationThemeGalleryPage.xaml","src/Wino.Mail.MacOS/Views/Settings/ApplicationThemeGalleryPage.cs","full-parity roadmap","Compare commands, bindings, keyboard/accessibility, loading/error/empty states and lifecycle against the Windows source","None (only Store UI excluded; print/PDF/general activation/global hotkeys follow prototype)"
"src/Wino.Mail.WinUI/Views/Settings/ApplicationThemeEditorPage.xaml","src/Wino.Mail.MacOS/Views/Settings/ApplicationThemeEditorPage.cs","full-parity roadmap","Compare commands, bindings, keyboard/accessibility, loading/error/empty states and lifecycle against the Windows source","None (only Store UI excluded; print/PDF/general activation/global hotkeys follow prototype)"
"src/Wino.Mail.WinUI/Views/Settings/AliasManagementPage.xaml","src/Wino.Mail.MacOS/Views/Settings/AliasManagementPage.cs","full-parity roadmap","Compare commands, bindings, keyboard/accessibility, loading/error/empty states and lifecycle against the Windows source","None (only Store UI excluded; print/PDF/general activation/global hotkeys follow prototype)"
"src/Wino.Mail.WinUI/Views/Settings/WinoIntelligencePage.xaml","src/Wino.Mail.MacOS/Views/Settings/WinoIntelligencePage.cs","full-parity roadmap","Compare commands, bindings, keyboard/accessibility, loading/error/empty states and lifecycle against the Windows source","None (only Store UI excluded; print/PDF/general activation/global hotkeys follow prototype)"
"src/Wino.Mail.WinUI/Views/Settings/WinoAccountManagementPage.xaml","src/Wino.Mail.MacOS/Views/Settings/WinoAccountManagementPage.cs","full-parity roadmap","Compare commands, bindings, keyboard/accessibility, loading/error/empty states and lifecycle against the Windows source","None (only Store UI excluded; print/PDF/general activation/global hotkeys follow prototype)"
"src/Wino.Mail.WinUI/Views/Settings/UnreadBadgeSettingsPage.xaml","src/Wino.Mail.MacOS/Views/Settings/UnreadBadgeSettingsPage.cs","full-parity roadmap","Compare commands, bindings, keyboard/accessibility, loading/error/empty states and lifecycle against the Windows source","None (only Store UI excluded; print/PDF/general activation/global hotkeys follow prototype)"
"src/Wino.Mail.WinUI/Views/Settings/ToDoPreferenceSettingsPage.xaml","src/Wino.Mail.MacOS/Views/Settings/ToDoPreferenceSettingsPage.cs","full-parity roadmap","Compare commands, bindings, keyboard/accessibility, loading/error/empty states and lifecycle against the Windows source","None (only Store UI excluded; print/PDF/general activation/global hotkeys follow prototype)"
"src/Wino.Mail.WinUI/Views/Settings/StoragePage.xaml","src/Wino.Mail.MacOS/Views/Settings/StoragePage.cs","full-parity roadmap","Compare commands, bindings, keyboard/accessibility, loading/error/empty states and lifecycle against the Windows source","None (only Store UI excluded; print/PDF/general activation/global hotkeys follow prototype)"
"src/Wino.Mail.WinUI/Views/Settings/SignatureManagementPage.xaml","src/Wino.Mail.MacOS/Views/Settings/SignatureManagementPage.cs","full-parity roadmap","Compare commands, bindings, keyboard/accessibility, loading/error/empty states and lifecycle against the Windows source","None (only Store UI excluded; print/PDF/general activation/global hotkeys follow prototype)"
"src/Wino.Mail.WinUI/Views/Settings/SignatureAndEncryptionPage.xaml","src/Wino.Mail.MacOS/Views/Settings/SignatureAndEncryptionPage.cs","full-parity roadmap","Compare commands, bindings, keyboard/accessibility, loading/error/empty states and lifecycle against the Windows source","None (only Store UI excluded; print/PDF/general activation/global hotkeys follow prototype)"
"src/Wino.Mail.WinUI/Views/Settings/ReadComposePanePage.xaml","src/Wino.Mail.MacOS/Views/Settings/ReadComposePanePage.cs","full-parity roadmap","Compare commands, bindings, keyboard/accessibility, loading/error/empty states and lifecycle against the Windows source","None (only Store UI excluded; print/PDF/general activation/global hotkeys follow prototype)"
"src/Wino.Mail.WinUI/Views/Settings/PersonalizationPage.xaml","src/Wino.Mail.MacOS/Views/Settings/PersonalizationPage.cs","full-parity roadmap","Compare commands, bindings, keyboard/accessibility, loading/error/empty states and lifecycle against the Windows source","None (only Store UI excluded; print/PDF/general activation/global hotkeys follow prototype)"
"src/Wino.Mail.WinUI/Views/Settings/NotificationSettingsPage.xaml","src/Wino.Mail.MacOS/Views/Settings/NotificationSettingsPage.cs","full-parity roadmap","Compare commands, bindings, keyboard/accessibility, loading/error/empty states and lifecycle against the Windows source","None (only Store UI excluded; print/PDF/general activation/global hotkeys follow prototype)"
"src/Wino.Mail.WinUI/Views/Settings/MessageListPage.xaml","src/Wino.Mail.MacOS/Views/Settings/MessageListPage.cs","full-parity roadmap","Compare commands, bindings, keyboard/accessibility, loading/error/empty states and lifecycle against the Windows source","None (only Store UI excluded; print/PDF/general activation/global hotkeys follow prototype)"
"src/Wino.Mail.WinUI/Views/Settings/MailPreferencesPage.xaml","src/Wino.Mail.MacOS/Views/Settings/MailPreferencesPage.cs","full-parity roadmap","Compare commands, bindings, keyboard/accessibility, loading/error/empty states and lifecycle against the Windows source","None (only Store UI excluded; print/PDF/general activation/global hotkeys follow prototype)"
"src/Wino.Mail.WinUI/Views/Settings/MailFiltersPage.xaml","src/Wino.Mail.MacOS/Views/Settings/MailFiltersPage.cs","full-parity roadmap","Compare commands, bindings, keyboard/accessibility, loading/error/empty states and lifecycle against the Windows source","None (only Store UI excluded; print/PDF/general activation/global hotkeys follow prototype)"
"src/Wino.Mail.WinUI/Views/Settings/MailFilterEditorPage.xaml","src/Wino.Mail.MacOS/Views/Settings/MailFilterEditorPage.cs","full-parity roadmap","Compare commands, bindings, keyboard/accessibility, loading/error/empty states and lifecycle against the Windows source","None (only Store UI excluded; print/PDF/general activation/global hotkeys follow prototype)"
"src/Wino.Mail.WinUI/Views/Settings/MailCategoryManagementPage.xaml","src/Wino.Mail.MacOS/Views/Settings/MailCategoryManagementPage.cs","full-parity roadmap","Compare commands, bindings, keyboard/accessibility, loading/error/empty states and lifecycle against the Windows source","None (only Store UI excluded; print/PDF/general activation/global hotkeys follow prototype)"
"src/Wino.Mail.WinUI/Views/Settings/KeyboardShortcutsPage.xaml","src/Wino.Mail.MacOS/Views/Settings/KeyboardShortcutsPage.cs","full-parity roadmap","Compare commands, bindings, keyboard/accessibility, loading/error/empty states and lifecycle against the Windows source","None (only Store UI excluded; print/PDF/general activation/global hotkeys follow prototype)"
"src/Wino.Mail.WinUI/Views/Settings/EmailTemplatesPage.xaml","src/Wino.Mail.MacOS/Views/Settings/EmailTemplatesPage.cs","full-parity roadmap","Compare commands, bindings, keyboard/accessibility, loading/error/empty states and lifecycle against the Windows source","None (only Store UI excluded; print/PDF/general activation/global hotkeys follow prototype)"
"src/Wino.Mail.WinUI/Views/Settings/CreateEmailTemplatePage.xaml","src/Wino.Mail.MacOS/Views/Settings/CreateEmailTemplatePage.cs","full-parity roadmap","Compare commands, bindings, keyboard/accessibility, loading/error/empty states and lifecycle against the Windows source","None (only Store UI excluded; print/PDF/general activation/global hotkeys follow prototype)"
"src/Wino.Mail.WinUI/Views/Settings/ContactsPreferenceSettingsPage.xaml","src/Wino.Mail.MacOS/Views/Settings/ContactsPreferenceSettingsPage.cs","full-parity roadmap","Compare commands, bindings, keyboard/accessibility, loading/error/empty states and lifecycle against the Windows source","None (only Store UI excluded; print/PDF/general activation/global hotkeys follow prototype)"
"src/Wino.Mail.WinUI/Views/Misc/WhatsNewPage.xaml","src/Wino.Mail.MacOS/Views/Misc/WhatsNewPage.cs","full-parity roadmap","Compare commands, bindings, keyboard/accessibility, loading/error/empty states and lifecycle against the Windows source","None (only Store UI excluded; print/PDF/general activation/global hotkeys follow prototype)"
"src/Wino.Mail.WinUI/Views/MigrationPage.xaml","src/Wino.Mail.MacOS/Views/MigrationPage.cs","full-parity roadmap","Compare commands, bindings, keyboard/accessibility, loading/error/empty states and lifecycle against the Windows source","None (only Store UI excluded; print/PDF/general activation/global hotkeys follow prototype)"
"src/Wino.Mail.WinUI/Helpers/WinoContextFlyoutHelper.cs","src/Wino.Mail.MacOS/Helpers/WinoContextFlyoutHelper.cs","full-parity roadmap","Compare commands, bindings, keyboard/accessibility, loading/error/empty states and lifecycle against the Windows source","None (only Store UI excluded; print/PDF/general activation/global hotkeys follow prototype)"
"src/Wino.Mail.WinUI/Helpers/WindowCleanupHelper.cs","src/Wino.Mail.MacOS/Helpers/WindowCleanupHelper.cs","full-parity roadmap","Compare commands, bindings, keyboard/accessibility, loading/error/empty states and lifecycle against the Windows source","None (only Store UI excluded; print/PDF/general activation/global hotkeys follow prototype)"
"src/Wino.Mail.WinUI/Helpers/WindowAppUserModelIdHelper.cs","src/Wino.Mail.MacOS/Helpers/WindowAppUserModelIdHelper.cs","full-parity roadmap","Compare commands, bindings, keyboard/accessibility, loading/error/empty states and lifecycle against the Windows source","None (only Store UI excluded; print/PDF/general activation/global hotkeys follow prototype)"
"src/Wino.Mail.WinUI/Views/Mail/MailRenderingPage.xaml","src/Wino.Mail.MacOS/Views/Mail/MailRenderingPage.cs","full-parity roadmap","Compare commands, bindings, keyboard/accessibility, loading/error/empty states and lifecycle against the Windows source","None (only Store UI excluded; print/PDF/general activation/global hotkeys follow prototype)"
"src/Wino.Mail.WinUI/Views/Mail/MailListPage.xaml","src/Wino.Mail.MacOS/Views/Mail/MailListPage.cs","source-implemented; native/manual acceptance pending","Compare commands, bindings, keyboard/accessibility, loading/error/empty states and lifecycle against the Windows source","None (only Store UI excluded; print/PDF/general activation/global hotkeys follow prototype)"
"src/Wino.Mail.WinUI/Views/Mail/IdlePage.xaml","src/Wino.Mail.MacOS/Views/Mail/IdlePage.cs","full-parity roadmap","Compare commands, bindings, keyboard/accessibility, loading/error/empty states and lifecycle against the Windows source","None (only Store UI excluded; print/PDF/general activation/global hotkeys follow prototype)"
"src/Wino.Mail.WinUI/Views/Mail/ComposePage.xaml","src/Wino.Mail.MacOS/Views/Mail/ComposePage.cs","full-parity roadmap","Compare commands, bindings, keyboard/accessibility, loading/error/empty states and lifecycle against the Windows source","None (only Store UI excluded; print/PDF/general activation/global hotkeys follow prototype)"
"src/Wino.Mail.WinUI/Interfaces/IWinoWindowManager.cs","src/Wino.Mail.MacOS/Interfaces/IWinoWindowManager.cs","full-parity roadmap","Compare commands, bindings, keyboard/accessibility, loading/error/empty states and lifecycle against the Windows source","None (only Store UI excluded; print/PDF/general activation/global hotkeys follow prototype)"
"src/Wino.Mail.WinUI/Interfaces/IWinoShellWindow.cs","src/Wino.Mail.MacOS/Interfaces/IWinoShellWindow.cs","full-parity roadmap","Compare commands, bindings, keyboard/accessibility, loading/error/empty states and lifecycle against the Windows source","None (only Store UI excluded; print/PDF/general activation/global hotkeys follow prototype)"
"src/Wino.Mail.WinUI/Interfaces/IWindowsPrintService.cs","src/Wino.Mail.MacOS/Interfaces/IWindowsPrintService.cs","full-parity roadmap","Compare commands, bindings, keyboard/accessibility, loading/error/empty states and lifecycle against the Windows source","None (only Store UI excluded; print/PDF/general activation/global hotkeys follow prototype)"
"src/Wino.Mail.WinUI/MenuFlyouts/WinoOperationFlyoutItem.cs","src/Wino.Mail.MacOS/MenuFlyouts/WinoOperationFlyoutItem.cs","full-parity roadmap","Compare commands, bindings, keyboard/accessibility, loading/error/empty states and lifecycle against the Windows source","None (only Store UI excluded; print/PDF/general activation/global hotkeys follow prototype)"
"src/Wino.Mail.WinUI/MenuFlyouts/WinoOperationFlyout.cs","src/Wino.Mail.MacOS/MenuFlyouts/WinoOperationFlyout.cs","full-parity roadmap","Compare commands, bindings, keyboard/accessibility, loading/error/empty states and lifecycle against the Windows source","None (only Store UI excluded; print/PDF/general activation/global hotkeys follow prototype)"
"src/Wino.Mail.WinUI/MenuFlyouts/MailContextFlyoutBuilder.cs","src/Wino.Mail.MacOS/MenuFlyouts/MailContextFlyoutBuilder.cs","full-parity roadmap","Compare commands, bindings, keyboard/accessibility, loading/error/empty states and lifecycle against the Windows source","None (only Store UI excluded; print/PDF/general activation/global hotkeys follow prototype)"
"src/Wino.Mail.WinUI/MenuFlyouts/FolderOperationFlyout.cs","src/Wino.Mail.MacOS/MenuFlyouts/FolderOperationFlyout.cs","full-parity roadmap","Compare commands, bindings, keyboard/accessibility, loading/error/empty states and lifecycle against the Windows source","None (only Store UI excluded; print/PDF/general activation/global hotkeys follow prototype)"
"src/Wino.Mail.WinUI/MenuFlyouts/FilterMenuFlyout.cs","src/Wino.Mail.MacOS/MenuFlyouts/FilterMenuFlyout.cs","full-parity roadmap","Compare commands, bindings, keyboard/accessibility, loading/error/empty states and lifecycle against the Windows source","None (only Store UI excluded; print/PDF/general activation/global hotkeys follow prototype)"
"src/Wino.Mail.WinUI/MenuFlyouts/ContextFlyoutShortcutResolver.cs","src/Wino.Mail.MacOS/MenuFlyouts/ContextFlyoutShortcutResolver.cs","full-parity roadmap","Compare commands, bindings, keyboard/accessibility, loading/error/empty states and lifecycle against the Windows source","None (only Store UI excluded; print/PDF/general activation/global hotkeys follow prototype)"
"src/Wino.Mail.WinUI/MenuFlyouts/AccountSelectorFlyout.cs","src/Wino.Mail.MacOS/MenuFlyouts/AccountSelectorFlyout.cs","full-parity roadmap","Compare commands, bindings, keyboard/accessibility, loading/error/empty states and lifecycle against the Windows source","None (only Store UI excluded; print/PDF/general activation/global hotkeys follow prototype)"
"src/Wino.Mail.WinUI/AppThemes/Snowflake.xaml","src/Wino.Mail.MacOS/AppThemes/Snowflake.cs","full-parity roadmap","Compare commands, bindings, keyboard/accessibility, loading/error/empty states and lifecycle against the Windows source","None (only Store UI excluded; print/PDF/general activation/global hotkeys follow prototype)"
"src/Wino.Mail.WinUI/AppThemes/Skyline.xaml","src/Wino.Mail.MacOS/AppThemes/Skyline.cs","full-parity roadmap","Compare commands, bindings, keyboard/accessibility, loading/error/empty states and lifecycle against the Windows source","None (only Store UI excluded; print/PDF/general activation/global hotkeys follow prototype)"
"src/Wino.Mail.WinUI/AppThemes/Rose.xaml","src/Wino.Mail.MacOS/AppThemes/Rose.cs","full-parity roadmap","Compare commands, bindings, keyboard/accessibility, loading/error/empty states and lifecycle against the Windows source","None (only Store UI excluded; print/PDF/general activation/global hotkeys follow prototype)"
"src/Wino.Mail.WinUI/AppThemes/Poppy.xaml","src/Wino.Mail.MacOS/AppThemes/Poppy.cs","full-parity roadmap","Compare commands, bindings, keyboard/accessibility, loading/error/empty states and lifecycle against the Windows source","None (only Store UI excluded; print/PDF/general activation/global hotkeys follow prototype)"
"src/Wino.Mail.WinUI/AppThemes/Nighty.xaml","src/Wino.Mail.MacOS/AppThemes/Nighty.cs","full-parity roadmap","Compare commands, bindings, keyboard/accessibility, loading/error/empty states and lifecycle against the Windows source","None (only Store UI excluded; print/PDF/general activation/global hotkeys follow prototype)"
"src/Wino.Mail.WinUI/AppThemes/Nebula.xaml","src/Wino.Mail.MacOS/AppThemes/Nebula.cs","full-parity roadmap","Compare commands, bindings, keyboard/accessibility, loading/error/empty states and lifecycle against the Windows source","None (only Store UI excluded; print/PDF/general activation/global hotkeys follow prototype)"
"src/Wino.Mail.WinUI/AppThemes/Moss.xaml","src/Wino.Mail.MacOS/AppThemes/Moss.cs","full-parity roadmap","Compare commands, bindings, keyboard/accessibility, loading/error/empty states and lifecycle against the Windows source","None (only Store UI excluded; print/PDF/general activation/global hotkeys follow prototype)"
"src/Wino.Mail.WinUI/AppThemes/Mist.xaml","src/Wino.Mail.MacOS/AppThemes/Mist.cs","full-parity roadmap","Compare commands, bindings, keyboard/accessibility, loading/error/empty states and lifecycle against the Windows source","None (only Store UI excluded; print/PDF/general activation/global hotkeys follow prototype)"
"src/Wino.Mail.WinUI/AppThemes/Lavender.xaml","src/Wino.Mail.MacOS/AppThemes/Lavender.cs","full-parity roadmap","Compare commands, bindings, keyboard/accessibility, loading/error/empty states and lifecycle against the Windows source","None (only Store UI excluded; print/PDF/general activation/global hotkeys follow prototype)"
"src/Wino.Mail.WinUI/AppThemes/Indigo.xaml","src/Wino.Mail.MacOS/AppThemes/Indigo.cs","full-parity roadmap","Compare commands, bindings, keyboard/accessibility, loading/error/empty states and lifecycle against the Windows source","None (only Store UI excluded; print/PDF/general activation/global hotkeys follow prototype)"
"src/Wino.Mail.WinUI/AppThemes/Graphite.xaml","src/Wino.Mail.MacOS/AppThemes/Graphite.cs","full-parity roadmap","Compare commands, bindings, keyboard/accessibility, loading/error/empty states and lifecycle against the Windows source","None (only Store UI excluded; print/PDF/general activation/global hotkeys follow prototype)"
"src/Wino.Mail.WinUI/AppThemes/Garden.xaml","src/Wino.Mail.MacOS/AppThemes/Garden.cs","full-parity roadmap","Compare commands, bindings, keyboard/accessibility, loading/error/empty states and lifecycle against the Windows source","None (only Store UI excluded; print/PDF/general activation/global hotkeys follow prototype)"
"src/Wino.Mail.WinUI/AppThemes/Forest.xaml","src/Wino.Mail.MacOS/AppThemes/Forest.cs","full-parity roadmap","Compare commands, bindings, keyboard/accessibility, loading/error/empty states and lifecycle against the Windows source","None (only Store UI excluded; print/PDF/general activation/global hotkeys follow prototype)"
"src/Wino.Mail.WinUI/AppThemes/Ember.xaml","src/Wino.Mail.MacOS/AppThemes/Ember.cs","full-parity roadmap","Compare commands, bindings, keyboard/accessibility, loading/error/empty states and lifecycle against the Windows source","None (only Store UI excluded; print/PDF/general activation/global hotkeys follow prototype)"
"src/Wino.Mail.WinUI/AppThemes/Dunes.xaml","src/Wino.Mail.MacOS/AppThemes/Dunes.cs","full-parity roadmap","Compare commands, bindings, keyboard/accessibility, loading/error/empty states and lifecycle against the Windows source","None (only Store UI excluded; print/PDF/general activation/global hotkeys follow prototype)"
"src/Wino.Mail.WinUI/AppThemes/Default.xaml","src/Wino.Mail.MacOS/AppThemes/Default.cs","full-parity roadmap","Compare commands, bindings, keyboard/accessibility, loading/error/empty states and lifecycle against the Windows source","None (only Store UI excluded; print/PDF/general activation/global hotkeys follow prototype)"
"src/Wino.Mail.WinUI/AppThemes/Custom.xaml","src/Wino.Mail.MacOS/AppThemes/Custom.cs","full-parity roadmap","Compare commands, bindings, keyboard/accessibility, loading/error/empty states and lifecycle against the Windows source","None (only Store UI excluded; print/PDF/general activation/global hotkeys follow prototype)"
"src/Wino.Mail.WinUI/AppThemes/Cocoa.xaml","src/Wino.Mail.MacOS/AppThemes/Cocoa.cs","full-parity roadmap","Compare commands, bindings, keyboard/accessibility, loading/error/empty states and lifecycle against the Windows source","None (only Store UI excluded; print/PDF/general activation/global hotkeys follow prototype)"
"src/Wino.Mail.WinUI/AppThemes/Coastline.xaml","src/Wino.Mail.MacOS/AppThemes/Coastline.cs","full-parity roadmap","Compare commands, bindings, keyboard/accessibility, loading/error/empty states and lifecycle against the Windows source","None (only Store UI excluded; print/PDF/general activation/global hotkeys follow prototype)"
"src/Wino.Mail.WinUI/AppThemes/Clouds.xaml","src/Wino.Mail.MacOS/AppThemes/Clouds.cs","full-parity roadmap","Compare commands, bindings, keyboard/accessibility, loading/error/empty states and lifecycle against the Windows source","None (only Store UI excluded; print/PDF/general activation/global hotkeys follow prototype)"
"src/Wino.Mail.WinUI/AppThemes/Blossom.xaml","src/Wino.Mail.MacOS/AppThemes/Blossom.cs","full-parity roadmap","Compare commands, bindings, keyboard/accessibility, loading/error/empty states and lifecycle against the Windows source","None (only Store UI excluded; print/PDF/general activation/global hotkeys follow prototype)"
"src/Wino.Mail.WinUI/AppThemes/Aurora.xaml","src/Wino.Mail.MacOS/AppThemes/Aurora.cs","full-parity roadmap","Compare commands, bindings, keyboard/accessibility, loading/error/empty states and lifecycle against the Windows source","None (only Store UI excluded; print/PDF/general activation/global hotkeys follow prototype)"
"src/Wino.Mail.WinUI/AppThemes/Acrylic.xaml","src/Wino.Mail.MacOS/AppThemes/Acrylic.cs","full-parity roadmap","Compare commands, bindings, keyboard/accessibility, loading/error/empty states and lifecycle against the Windows source","None (only Store UI excluded; print/PDF/general activation/global hotkeys follow prototype)"
"src/Wino.Mail.WinUI/Controls/AccountCreationDialogControl.xaml","src/Wino.Mail.MacOS/Controls/AccountCreationDialogControl.cs","full-parity roadmap","Compare commands, bindings, keyboard/accessibility, loading/error/empty states and lifecycle against the Windows source","None (only Store UI excluded; print/PDF/general activation/global hotkeys follow prototype)"
"src/Wino.Mail.WinUI/Controls/AccountCapabilityPicker.xaml","src/Wino.Mail.MacOS/Controls/AccountCapabilityPicker.cs","full-parity roadmap","Compare commands, bindings, keyboard/accessibility, loading/error/empty states and lifecycle against the Windows source","None (only Store UI excluded; print/PDF/general activation/global hotkeys follow prototype)"
"src/Wino.Mail.WinUI/Controls/AccountNicknameIndicatorControl.xaml","src/Wino.Mail.MacOS/Controls/AccountNicknameIndicatorControl.cs","full-parity roadmap","Compare commands, bindings, keyboard/accessibility, loading/error/empty states and lifecycle against the Windows source","None (only Store UI excluded; print/PDF/general activation/global hotkeys follow prototype)"
"src/Wino.Mail.WinUI/Views/Calendar/EventDetailsPage.xaml","src/Wino.Mail.MacOS/Views/Calendar/EventDetailsPage.cs","full-parity roadmap","Compare commands, bindings, keyboard/accessibility, loading/error/empty states and lifecycle against the Windows source","None (only Store UI excluded; print/PDF/general activation/global hotkeys follow prototype)"
"src/Wino.Mail.WinUI/Views/Calendar/CalendarRenderingSettingsPage.xaml","src/Wino.Mail.MacOS/Views/Calendar/CalendarRenderingSettingsPage.cs","full-parity roadmap","Compare commands, bindings, keyboard/accessibility, loading/error/empty states and lifecycle against the Windows source","None (only Store UI excluded; print/PDF/general activation/global hotkeys follow prototype)"
"src/Wino.Mail.WinUI/Controls/AccountIdentityRowControl.xaml","src/Wino.Mail.MacOS/Controls/AccountIdentityRowControl.cs","full-parity roadmap","Compare commands, bindings, keyboard/accessibility, loading/error/empty states and lifecycle against the Windows source","None (only Store UI excluded; print/PDF/general activation/global hotkeys follow prototype)"
"src/Wino.Mail.WinUI/Views/Calendar/CalendarPreferenceSettingsPage.xaml","src/Wino.Mail.MacOS/Views/Calendar/CalendarPreferenceSettingsPage.cs","full-parity roadmap","Compare commands, bindings, keyboard/accessibility, loading/error/empty states and lifecycle against the Windows source","None (only Store UI excluded; print/PDF/general activation/global hotkeys follow prototype)"
"src/Wino.Mail.WinUI/Views/Calendar/CalendarPage.xaml","src/Wino.Mail.MacOS/Views/Calendar/CalendarPage.cs","full-parity roadmap","Compare commands, bindings, keyboard/accessibility, loading/error/empty states and lifecycle against the Windows source","None (only Store UI excluded; print/PDF/general activation/global hotkeys follow prototype)"
"src/Wino.Mail.WinUI/Views/Calendar/CalendarEventComposePage.xaml","src/Wino.Mail.MacOS/Views/Calendar/CalendarEventComposePage.cs","full-parity roadmap","Compare commands, bindings, keyboard/accessibility, loading/error/empty states and lifecycle against the Windows source","None (only Store UI excluded; print/PDF/general activation/global hotkeys follow prototype)"
"src/Wino.Mail.WinUI/Views/Calendar/CalendarAccountSettingsPage.xaml","src/Wino.Mail.MacOS/Views/Calendar/CalendarAccountSettingsPage.cs","full-parity roadmap","Compare commands, bindings, keyboard/accessibility, loading/error/empty states and lifecycle against the Windows source","None (only Store UI excluded; print/PDF/general activation/global hotkeys follow prototype)"
"src/Wino.Mail.WinUI/Controls/ContactSectionHeader.xaml","src/Wino.Mail.MacOS/Controls/ContactSectionHeader.cs","full-parity roadmap","Compare commands, bindings, keyboard/accessibility, loading/error/empty states and lifecycle against the Windows source","None (only Store UI excluded; print/PDF/general activation/global hotkeys follow prototype)"
"src/Wino.Mail.WinUI/Controls/ContactCardMenuFlyout.cs","src/Wino.Mail.MacOS/Controls/ContactCardMenuFlyout.cs","full-parity roadmap","Compare commands, bindings, keyboard/accessibility, loading/error/empty states and lifecycle against the Windows source","None (only Store UI excluded; print/PDF/general activation/global hotkeys follow prototype)"
"src/Wino.Mail.WinUI/Controls/ConnectionStatusPill.xaml","src/Wino.Mail.MacOS/Controls/ConnectionStatusPill.cs","full-parity roadmap","Compare commands, bindings, keyboard/accessibility, loading/error/empty states and lifecycle against the Windows source","None (only Store UI excluded; print/PDF/general activation/global hotkeys follow prototype)"
"src/Wino.Mail.WinUI/Views/AccountSetupProgressPage.xaml","src/Wino.Mail.MacOS/Views/AccountSetupProgressPage.cs","source-implemented; native/manual acceptance pending","Compare commands, bindings, keyboard/accessibility, loading/error/empty states and lifecycle against the Windows source","None (only Store UI excluded; print/PDF/general activation/global hotkeys follow prototype)"
"src/Wino.Mail.WinUI/ShellWindow.xaml","src/Wino.Mail.MacOS/ShellWindow.cs","full-parity roadmap","Compare commands, bindings, keyboard/accessibility, loading/error/empty states and lifecycle against the Windows source","None (only Store UI excluded; print/PDF/general activation/global hotkeys follow prototype)"
"src/Wino.Mail.WinUI/Behaviors/MenuItemDropBehavior.cs","src/Wino.Mail.MacOS/Behaviors/MenuItemDropBehavior.cs","full-parity roadmap","Compare commands, bindings, keyboard/accessibility, loading/error/empty states and lifecycle against the Windows source","None (only Store UI excluded; print/PDF/general activation/global hotkeys follow prototype)"
"src/Wino.Mail.WinUI/Controls/CalendarMailItemDisplayInformationControl.xaml","src/Wino.Mail.MacOS/Controls/CalendarMailItemDisplayInformationControl.cs","full-parity roadmap","Compare commands, bindings, keyboard/accessibility, loading/error/empty states and lifecycle against the Windows source","None (only Store UI excluded; print/PDF/general activation/global hotkeys follow prototype)"
"src/Wino.Mail.WinUI/Controls/CalendarFlipView/WinoCalendarFlyoutItem.cs","src/Wino.Mail.MacOS/Controls/CalendarFlipView/WinoCalendarFlyoutItem.cs","full-parity roadmap","Compare commands, bindings, keyboard/accessibility, loading/error/empty states and lifecycle against the Windows source","None (only Store UI excluded; print/PDF/general activation/global hotkeys follow prototype)"
"src/Wino.Mail.WinUI/Controls/Companion/CompanionFlyoutView.xaml","src/Wino.Mail.MacOS/Controls/Companion/CompanionFlyoutView.cs","full-parity roadmap","Compare commands, bindings, keyboard/accessibility, loading/error/empty states and lifecycle against the Windows source","None (only Store UI excluded; print/PDF/general activation/global hotkeys follow prototype)"
"src/Wino.Mail.WinUI/Controls/CapabilityChoiceCard.xaml","src/Wino.Mail.MacOS/Controls/CapabilityChoiceCard.cs","full-parity roadmap","Compare commands, bindings, keyboard/accessibility, loading/error/empty states and lifecycle against the Windows source","None (only Store UI excluded; print/PDF/general activation/global hotkeys follow prototype)"
"src/Wino.Mail.WinUI/Controls/CalendarTitleBarContent.xaml","src/Wino.Mail.MacOS/Controls/CalendarTitleBarContent.cs","full-parity roadmap","Compare commands, bindings, keyboard/accessibility, loading/error/empty states and lifecycle against the Windows source","None (only Store UI excluded; print/PDF/general activation/global hotkeys follow prototype)"
"src/Wino.Mail.WinUI/Controls/ModeReadinessPanel.xaml","src/Wino.Mail.MacOS/Controls/ModeReadinessPanel.cs","full-parity roadmap","Compare commands, bindings, keyboard/accessibility, loading/error/empty states and lifecycle against the Windows source","None (only Store UI excluded; print/PDF/general activation/global hotkeys follow prototype)"
"src/Wino.Mail.WinUI/Controls/MenuFlyoutLanguageHelper.cs","src/Wino.Mail.MacOS/Controls/MenuFlyoutLanguageHelper.cs","full-parity roadmap","Compare commands, bindings, keyboard/accessibility, loading/error/empty states and lifecycle against the Windows source","None (only Store UI excluded; print/PDF/general activation/global hotkeys follow prototype)"
"src/Wino.Mail.WinUI/Controls/MailItemDisplayInformationControl.xaml","src/Wino.Mail.MacOS/Controls/MailItemDisplayInformationControl.cs","full-parity roadmap","Compare commands, bindings, keyboard/accessibility, loading/error/empty states and lifecycle against the Windows source","None (only Store UI excluded; print/PDF/general activation/global hotkeys follow prototype)"
"src/Wino.Mail.WinUI/Controls/WinoMenuFlyout.cs","src/Wino.Mail.MacOS/Controls/WinoMenuFlyout.cs","full-parity roadmap","Compare commands, bindings, keyboard/accessibility, loading/error/empty states and lifecycle against the Windows source","None (only Store UI excluded; print/PDF/general activation/global hotkeys follow prototype)"
"src/Wino.Mail.WinUI/Controls/UnreadBadgeLocationIllustration.xaml","src/Wino.Mail.MacOS/Controls/UnreadBadgeLocationIllustration.cs","full-parity roadmap","Compare commands, bindings, keyboard/accessibility, loading/error/empty states and lifecycle against the Windows source","None (only Store UI excluded; print/PDF/general activation/global hotkeys follow prototype)"
"src/Wino.Mail.WinUI/Controls/ThemeSurfacePreview.xaml","src/Wino.Mail.MacOS/Controls/ThemeSurfacePreview.cs","full-parity roadmap","Compare commands, bindings, keyboard/accessibility, loading/error/empty states and lifecycle against the Windows source","None (only Store UI excluded; print/PDF/general activation/global hotkeys follow prototype)"
"src/Wino.Mail.WinUI/Services/DialogServiceBase.cs","src/Wino.Mail.MacOS/Services/DialogServiceBase.cs","full-parity roadmap","Compare commands, bindings, keyboard/accessibility, loading/error/empty states and lifecycle against the Windows source","None (only Store UI excluded; print/PDF/general activation/global hotkeys follow prototype)"
"src/Wino.Mail.WinUI/Services/DialogService.cs","src/Wino.Mail.MacOS/Services/DialogService.cs","full-parity roadmap","Compare commands, bindings, keyboard/accessibility, loading/error/empty states and lifecycle against the Windows source","None (only Store UI excluded; print/PDF/general activation/global hotkeys follow prototype)"
"src/Wino.Mail.WinUI/Views/Account/WinoIntelligenceManagementPage.xaml","src/Wino.Mail.MacOS/Views/Account/WinoIntelligenceManagementPage.cs","full-parity roadmap","Compare commands, bindings, keyboard/accessibility, loading/error/empty states and lifecycle against the Windows source","None (only Store UI excluded; print/PDF/general activation/global hotkeys follow prototype)"
"src/Wino.Mail.WinUI/Views/Account/MergedAccountDetailsPage.xaml","src/Wino.Mail.MacOS/Views/Account/MergedAccountDetailsPage.cs","full-parity roadmap","Compare commands, bindings, keyboard/accessibility, loading/error/empty states and lifecycle against the Windows source","None (only Store UI excluded; print/PDF/general activation/global hotkeys follow prototype)"
"src/Wino.Mail.WinUI/Views/Account/IntelligenceCoveragePage.xaml","src/Wino.Mail.MacOS/Views/Account/IntelligenceCoveragePage.cs","full-parity roadmap","Compare commands, bindings, keyboard/accessibility, loading/error/empty states and lifecycle against the Windows source","None (only Store UI excluded; print/PDF/general activation/global hotkeys follow prototype)"
"src/Wino.Mail.WinUI/Views/Account/ImapCalDavSettingsPage.xaml","src/Wino.Mail.MacOS/Views/Account/ImapCalDavSettingsPage.cs","full-parity roadmap","Compare commands, bindings, keyboard/accessibility, loading/error/empty states and lifecycle against the Windows source","None (only Store UI excluded; print/PDF/general activation/global hotkeys follow prototype)"
"src/Wino.Mail.WinUI/Views/Account/FolderCustomizationPage.xaml","src/Wino.Mail.MacOS/Views/Account/FolderCustomizationPage.cs","full-parity roadmap","Compare commands, bindings, keyboard/accessibility, loading/error/empty states and lifecycle against the Windows source","None (only Store UI excluded; print/PDF/general activation/global hotkeys follow prototype)"
"src/Wino.Mail.WinUI/Views/Account/AccountManagementPage.xaml","src/Wino.Mail.MacOS/Views/Account/AccountManagementPage.cs","full-parity roadmap","Compare commands, bindings, keyboard/accessibility, loading/error/empty states and lifecycle against the Windows source","None (only Store UI excluded; print/PDF/general activation/global hotkeys follow prototype)"
"src/Wino.Mail.WinUI/Views/Account/AccountDetailsPage.xaml","src/Wino.Mail.MacOS/Views/Account/AccountDetailsPage.cs","full-parity roadmap","Compare commands, bindings, keyboard/accessibility, loading/error/empty states and lifecycle against the Windows source","None (only Store UI excluded; print/PDF/general activation/global hotkeys follow prototype)"
"src/Wino.Mail.WinUI/Dialogs/KeyboardShortcutDialog.xaml","src/Wino.Mail.MacOS/Dialogs/KeyboardShortcutDialog.cs","full-parity roadmap","Compare commands, bindings, keyboard/accessibility, loading/error/empty states and lifecycle against the Windows source","None (only Store UI excluded; print/PDF/general activation/global hotkeys follow prototype)"
"src/Wino.Mail.WinUI/Dialogs/ImapValidationFailedDialog.xaml","src/Wino.Mail.MacOS/Dialogs/ImapValidationFailedDialog.cs","full-parity roadmap","Compare commands, bindings, keyboard/accessibility, loading/error/empty states and lifecycle against the Windows source","None (only Store UI excluded; print/PDF/general activation/global hotkeys follow prototype)"
"src/Wino.Mail.WinUI/Dialogs/ExternalBrowserAuthenticationDialog.xaml","src/Wino.Mail.MacOS/Dialogs/ExternalBrowserAuthenticationDialog.cs","full-parity roadmap","Compare commands, bindings, keyboard/accessibility, loading/error/empty states and lifecycle against the Windows source","None (only Store UI excluded; print/PDF/general activation/global hotkeys follow prototype)"
"src/Wino.Mail.WinUI/Dialogs/EditMailCategoryDialog.xaml","src/Wino.Mail.MacOS/Dialogs/EditMailCategoryDialog.cs","full-parity roadmap","Compare commands, bindings, keyboard/accessibility, loading/error/empty states and lifecycle against the Windows source","None (only Store UI excluded; print/PDF/general activation/global hotkeys follow prototype)"
"src/Wino.Mail.WinUI/Dialogs/CustomMessageDialogInformationContainer.cs","src/Wino.Mail.MacOS/Dialogs/CustomMessageDialogInformationContainer.cs","full-parity roadmap","Compare commands, bindings, keyboard/accessibility, loading/error/empty states and lifecycle against the Windows source","None (only Store UI excluded; print/PDF/general activation/global hotkeys follow prototype)"
"src/Wino.Mail.WinUI/Dialogs/CreateAccountAliasDialog.xaml","src/Wino.Mail.MacOS/Dialogs/CreateAccountAliasDialog.cs","full-parity roadmap","Compare commands, bindings, keyboard/accessibility, loading/error/empty states and lifecycle against the Windows source","None (only Store UI excluded; print/PDF/general activation/global hotkeys follow prototype)"
"src/Wino.Mail.WinUI/Dialogs/ContactDestinationPickerDialog.xaml","src/Wino.Mail.MacOS/Dialogs/ContactDestinationPickerDialog.cs","full-parity roadmap","Compare commands, bindings, keyboard/accessibility, loading/error/empty states and lifecycle against the Windows source","None (only Store UI excluded; print/PDF/general activation/global hotkeys follow prototype)"
"src/Wino.Mail.WinUI/Dialogs/AccountReorderDialog.xaml","src/Wino.Mail.MacOS/Dialogs/AccountReorderDialog.cs","full-parity roadmap","Compare commands, bindings, keyboard/accessibility, loading/error/empty states and lifecycle against the Windows source","None (only Store UI excluded; print/PDF/general activation/global hotkeys follow prototype)"
"src/Wino.Mail.WinUI/Dialogs/AccountPickerDialog.xaml","src/Wino.Mail.MacOS/Dialogs/AccountPickerDialog.cs","full-parity roadmap","Compare commands, bindings, keyboard/accessibility, loading/error/empty states and lifecycle against the Windows source","None (only Store UI excluded; print/PDF/general activation/global hotkeys follow prototype)"
"src/Wino.Mail.WinUI/Dialogs/AccountCreationDialog.xaml","src/Wino.Mail.MacOS/Dialogs/AccountCreationDialog.cs","full-parity roadmap","Compare commands, bindings, keyboard/accessibility, loading/error/empty states and lifecycle against the Windows source","None (only Store UI excluded; print/PDF/general activation/global hotkeys follow prototype)"
"src/Wino.Mail.WinUI/Dialogs/SignatureEditorDialog.xaml","src/Wino.Mail.MacOS/Dialogs/SignatureEditorDialog.cs","full-parity roadmap","Compare commands, bindings, keyboard/accessibility, loading/error/empty states and lifecycle against the Windows source","None (only Store UI excluded; print/PDF/general activation/global hotkeys follow prototype)"
"src/Wino.Mail.WinUI/Dialogs/NewContactListDialog.xaml","src/Wino.Mail.MacOS/Dialogs/NewContactListDialog.cs","full-parity roadmap","Compare commands, bindings, keyboard/accessibility, loading/error/empty states and lifecycle against the Windows source","None (only Store UI excluded; print/PDF/general activation/global hotkeys follow prototype)"
"src/Wino.Mail.WinUI/Dialogs/NewAccountDialog.xaml","src/Wino.Mail.MacOS/Dialogs/NewAccountDialog.cs","full-parity roadmap","Compare commands, bindings, keyboard/accessibility, loading/error/empty states and lifecycle against the Windows source","None (only Store UI excluded; print/PDF/general activation/global hotkeys follow prototype)"
"src/Wino.Mail.WinUI/Dialogs/MoveMailDialog.xaml","src/Wino.Mail.MacOS/Dialogs/MoveMailDialog.cs","full-parity roadmap","Compare commands, bindings, keyboard/accessibility, loading/error/empty states and lifecycle against the Windows source","None (only Store UI excluded; print/PDF/general activation/global hotkeys follow prototype)"
"src/Wino.Mail.WinUI/Dialogs/MessageSourceDialog.xaml","src/Wino.Mail.MacOS/Dialogs/MessageSourceDialog.cs","full-parity roadmap","Compare commands, bindings, keyboard/accessibility, loading/error/empty states and lifecycle against the Windows source","None (only Store UI excluded; print/PDF/general activation/global hotkeys follow prototype)"
"src/Wino.Mail.WinUI/Dialogs/SystemFolderConfigurationDialog.xaml","src/Wino.Mail.MacOS/Dialogs/SystemFolderConfigurationDialog.cs","full-parity roadmap","Compare commands, bindings, keyboard/accessibility, loading/error/empty states and lifecycle against the Windows source","None (only Store UI excluded; print/PDF/general activation/global hotkeys follow prototype)"
"src/Wino.Mail.WinUI/Dialogs/SingleCalendarPickerDialog.xaml","src/Wino.Mail.MacOS/Dialogs/SingleCalendarPickerDialog.cs","full-parity roadmap","Compare commands, bindings, keyboard/accessibility, loading/error/empty states and lifecycle against the Windows source","None (only Store UI excluded; print/PDF/general activation/global hotkeys follow prototype)"
"src/Wino.Mail.WinUI/Dialogs/TaskListPickerDialog.xaml","src/Wino.Mail.MacOS/Dialogs/TaskListPickerDialog.cs","full-parity roadmap","Compare commands, bindings, keyboard/accessibility, loading/error/empty states and lifecycle against the Windows source","None (only Store UI excluded; print/PDF/general activation/global hotkeys follow prototype)"
"src/Wino.Mail.WinUI/Dialogs/TextInputDialog.xaml","src/Wino.Mail.MacOS/Dialogs/TextInputDialog.cs","full-parity roadmap","Compare commands, bindings, keyboard/accessibility, loading/error/empty states and lifecycle against the Windows source","None (only Store UI excluded; print/PDF/general activation/global hotkeys follow prototype)"
"src/Wino.Mail.WinUI/Controls/AppModeFooterSwitcherControl.xaml","src/Wino.Mail.MacOS/Controls/AppModeFooterSwitcherControl.cs","full-parity roadmap","Compare commands, bindings, keyboard/accessibility, loading/error/empty states and lifecycle against the Windows source","None (only Store UI excluded; print/PDF/general activation/global hotkeys follow prototype)"
"src/Wino.Mail.WinUI/Selectors/ShellMenuTemplateSelector.cs","src/Wino.Mail.MacOS/Selectors/ShellMenuTemplateSelector.cs","full-parity roadmap","Compare commands, bindings, keyboard/accessibility, loading/error/empty states and lifecycle against the Windows source","None (only Store UI excluded; print/PDF/general activation/global hotkeys follow prototype)"
"src/Wino.Mail.WinUI/Selectors/CustomWinoMessageDialogIconSelector.cs","src/Wino.Mail.MacOS/Selectors/CustomWinoMessageDialogIconSelector.cs","full-parity roadmap","Compare commands, bindings, keyboard/accessibility, loading/error/empty states and lifecycle against the Windows source","None (only Store UI excluded; print/PDF/general activation/global hotkeys follow prototype)"
"src/Wino.Mail.WinUI/ThirdParty/DesktopFlyouts/TransitionHelpers.cs","src/Wino.Mail.MacOS/ThirdParty/DesktopFlyouts/TransitionHelpers.cs","full-parity roadmap","Compare commands, bindings, keyboard/accessibility, loading/error/empty states and lifecycle against the Windows source","None (only Store UI excluded; print/PDF/general activation/global hotkeys follow prototype)"
"src/Wino.Mail.WinUI/ThirdParty/DesktopFlyouts/GeneralHelpers.cs","src/Wino.Mail.MacOS/ThirdParty/DesktopFlyouts/GeneralHelpers.cs","full-parity roadmap","Compare commands, bindings, keyboard/accessibility, loading/error/empty states and lifecycle against the Windows source","None (only Store UI excluded; print/PDF/general activation/global hotkeys follow prototype)"
"src/Wino.Mail.WinUI/ThirdParty/DesktopFlyouts/CompanionMicaBackdrop.cs","src/Wino.Mail.MacOS/ThirdParty/DesktopFlyouts/CompanionMicaBackdrop.cs","full-parity roadmap","Compare commands, bindings, keyboard/accessibility, loading/error/empty states and lifecycle against the Windows source","None (only Store UI excluded; print/PDF/general activation/global hotkeys follow prototype)"
"src/Wino.Mail.WinUI/ThirdParty/DesktopFlyouts/CompanionFlyoutSurface.xaml","src/Wino.Mail.MacOS/ThirdParty/DesktopFlyouts/CompanionFlyoutSurface.cs","full-parity roadmap","Compare commands, bindings, keyboard/accessibility, loading/error/empty states and lifecycle against the Windows source","None (only Store UI excluded; print/PDF/general activation/global hotkeys follow prototype)"
"src/Wino.Mail.WinUI/ThirdParty/DesktopFlyouts/CompanionFlyoutPlacementCalculator.cs","src/Wino.Mail.MacOS/ThirdParty/DesktopFlyouts/CompanionFlyoutPlacementCalculator.cs","full-parity roadmap","Compare commands, bindings, keyboard/accessibility, loading/error/empty states and lifecycle against the Windows source","None (only Store UI excluded; print/PDF/general activation/global hotkeys follow prototype)"
"src/Wino.Mail.WinUI/ThirdParty/DesktopFlyouts/CompanionFlyoutHost.cs","src/Wino.Mail.MacOS/ThirdParty/DesktopFlyouts/CompanionFlyoutHost.cs","full-parity roadmap","Compare commands, bindings, keyboard/accessibility, loading/error/empty states and lifecycle against the Windows source","None (only Store UI excluded; print/PDF/general activation/global hotkeys follow prototype)"
"src/Wino.Mail.WinUI/ThirdParty/DesktopFlyouts/BackdropControllerHelpers.cs","src/Wino.Mail.MacOS/ThirdParty/DesktopFlyouts/BackdropControllerHelpers.cs","full-parity roadmap","Compare commands, bindings, keyboard/accessibility, loading/error/empty states and lifecycle against the Windows source","None (only Store UI excluded; print/PDF/general activation/global hotkeys follow prototype)"
"src/Wino.Mail.WinUI/Controls/Calendar/CalendarPeriodControl.xaml","src/Wino.Mail.MacOS/Controls/Calendar/CalendarPeriodControl.cs","full-parity roadmap","Compare commands, bindings, keyboard/accessibility, loading/error/empty states and lifecycle against the Windows source","None (only Store UI excluded; print/PDF/general activation/global hotkeys follow prototype)"
"src/Wino.Mail.WinUI/Controls/Calendar/CalendarItemControl.xaml","src/Wino.Mail.MacOS/Controls/Calendar/CalendarItemControl.cs","full-parity roadmap","Compare commands, bindings, keyboard/accessibility, loading/error/empty states and lifecycle against the Windows source","None (only Store UI excluded; print/PDF/general activation/global hotkeys follow prototype)"
"src/Wino.Mail.WinUI/Controls/Calendar/CalendarItemCommandBarFlyout.cs","src/Wino.Mail.MacOS/Controls/Calendar/CalendarItemCommandBarFlyout.cs","full-parity roadmap","Compare commands, bindings, keyboard/accessibility, loading/error/empty states and lifecycle against the Windows source","None (only Store UI excluded; print/PDF/general activation/global hotkeys follow prototype)"
"src/Wino.Mail.WinUI/Dialogs/WinoAccountSyncSecretDialog.xaml","src/Wino.Mail.MacOS/Dialogs/WinoAccountSyncSecretDialog.cs","full-parity roadmap","Compare commands, bindings, keyboard/accessibility, loading/error/empty states and lifecycle against the Windows source","None (only Store UI excluded; print/PDF/general activation/global hotkeys follow prototype)"
"src/Wino.Mail.WinUI/Dialogs/WinoAccountSyncExportDialog.xaml","src/Wino.Mail.MacOS/Dialogs/WinoAccountSyncExportDialog.cs","full-parity roadmap","Compare commands, bindings, keyboard/accessibility, loading/error/empty states and lifecycle against the Windows source","None (only Store UI excluded; print/PDF/general activation/global hotkeys follow prototype)"
"src/Wino.Mail.WinUI/Dialogs/WinoAccountRegistrationDialog.xaml","src/Wino.Mail.MacOS/Dialogs/WinoAccountRegistrationDialog.cs","full-parity roadmap","Compare commands, bindings, keyboard/accessibility, loading/error/empty states and lifecycle against the Windows source","None (only Store UI excluded; print/PDF/general activation/global hotkeys follow prototype)"
"src/Wino.Mail.WinUI/Dialogs/WinoAccountLoginDialog.xaml","src/Wino.Mail.MacOS/Dialogs/WinoAccountLoginDialog.cs","full-parity roadmap","Compare commands, bindings, keyboard/accessibility, loading/error/empty states and lifecycle against the Windows source","None (only Store UI excluded; print/PDF/general activation/global hotkeys follow prototype)"
"src/Wino.Mail.WinUI/Dialogs/WinoAccountEmailConfirmationRequiredDialog.xaml","src/Wino.Mail.MacOS/Dialogs/WinoAccountEmailConfirmationRequiredDialog.cs","full-parity roadmap","Compare commands, bindings, keyboard/accessibility, loading/error/empty states and lifecycle against the Windows source","None (only Store UI excluded; print/PDF/general activation/global hotkeys follow prototype)"
"src/Wino.Mail.WinUI/Dialogs/UnlimitedAccountsPurchaseChannelDialog.xaml","src/Wino.Mail.MacOS/Dialogs/UnlimitedAccountsPurchaseChannelDialog.cs","full-parity roadmap","Compare commands, bindings, keyboard/accessibility, loading/error/empty states and lifecycle against the Windows source","None (only Store UI excluded; print/PDF/general activation/global hotkeys follow prototype)"
"src/Wino.Mail.WinUI/Controls/DailyBriefingPanel.xaml","src/Wino.Mail.MacOS/Controls/DailyBriefingPanel.cs","full-parity roadmap","Compare commands, bindings, keyboard/accessibility, loading/error/empty states and lifecycle against the Windows source","None (only Store UI excluded; print/PDF/general activation/global hotkeys follow prototype)"
"src/Wino.Mail.WinUI/Controls/EditorTabbedCommandBarControl.xaml","src/Wino.Mail.MacOS/Controls/EditorTabbedCommandBarControl.cs","full-parity roadmap","Compare commands, bindings, keyboard/accessibility, loading/error/empty states and lifecycle against the Windows source","None (only Store UI excluded; print/PDF/general activation/global hotkeys follow prototype)"
"src/Wino.Mail.WinUI/Styles/ContentPresenters.xaml","src/Wino.Mail.MacOS/Styles/ContentPresenters.cs","full-parity roadmap","Compare commands, bindings, keyboard/accessibility, loading/error/empty states and lifecycle against the Windows source","None (only Store UI excluded; print/PDF/general activation/global hotkeys follow prototype)"
"src/Wino.Mail.WinUI/Styles/Colors.xaml","src/Wino.Mail.MacOS/Styles/Colors.cs","full-parity roadmap","Compare commands, bindings, keyboard/accessibility, loading/error/empty states and lifecycle against the Windows source","None (only Store UI excluded; print/PDF/general activation/global hotkeys follow prototype)"
"src/Wino.Mail.WinUI/Styles/CalendarViewStyles.xaml","src/Wino.Mail.MacOS/Styles/CalendarViewStyles.cs","full-parity roadmap","Compare commands, bindings, keyboard/accessibility, loading/error/empty states and lifecycle against the Windows source","None (only Store UI excluded; print/PDF/general activation/global hotkeys follow prototype)"
"src/Wino.Mail.WinUI/Styles/CalendarThemeResources.xaml","src/Wino.Mail.MacOS/Styles/CalendarThemeResources.cs","full-parity roadmap","Compare commands, bindings, keyboard/accessibility, loading/error/empty states and lifecycle against the Windows source","None (only Store UI excluded; print/PDF/general activation/global hotkeys follow prototype)"
"src/Wino.Mail.WinUI/Styles/CustomMessageDialogStyles.xaml","src/Wino.Mail.MacOS/Styles/CustomMessageDialogStyles.cs","full-parity roadmap","Compare commands, bindings, keyboard/accessibility, loading/error/empty states and lifecycle against the Windows source","None (only Store UI excluded; print/PDF/general activation/global hotkeys follow prototype)"
"src/Wino.Mail.WinUI/Styles/Converters.xaml","src/Wino.Mail.MacOS/Styles/Converters.cs","full-parity roadmap","Compare commands, bindings, keyboard/accessibility, loading/error/empty states and lifecycle against the Windows source","None (only Store UI excluded; print/PDF/general activation/global hotkeys follow prototype)"
"src/Wino.Mail.WinUI/Controls/ListView/WinoListViewStyles.xaml","src/Wino.Mail.MacOS/Controls/ListView/WinoListViewStyles.cs","full-parity roadmap","Compare commands, bindings, keyboard/accessibility, loading/error/empty states and lifecycle against the Windows source","None (only Store UI excluded; print/PDF/general activation/global hotkeys follow prototype)"
"src/Wino.Mail.WinUI/Styles/IconTemplates.xaml","src/Wino.Mail.MacOS/Styles/IconTemplates.cs","full-parity roadmap","Compare commands, bindings, keyboard/accessibility, loading/error/empty states and lifecycle against the Windows source","None (only Store UI excluded; print/PDF/general activation/global hotkeys follow prototype)"
"src/Wino.Mail.WinUI/Styles/DataTemplates.xaml","src/Wino.Mail.MacOS/Styles/DataTemplates.cs","full-parity roadmap","Compare commands, bindings, keyboard/accessibility, loading/error/empty states and lifecycle against the Windows source","None (only Store UI excluded; print/PDF/general activation/global hotkeys follow prototype)"
"src/Wino.Mail.WinUI/Styles/ItemContainerStyles.xaml","src/Wino.Mail.MacOS/Styles/ItemContainerStyles.cs","full-parity roadmap","Compare commands, bindings, keyboard/accessibility, loading/error/empty states and lifecycle against the Windows source","None (only Store UI excluded; print/PDF/general activation/global hotkeys follow prototype)"
"src/Wino.Mail.WinUI/Styles/OperationCommandBar.xaml","src/Wino.Mail.MacOS/Styles/OperationCommandBar.cs","full-parity roadmap","Compare commands, bindings, keyboard/accessibility, loading/error/empty states and lifecycle against the Windows source","None (only Store UI excluded; print/PDF/general activation/global hotkeys follow prototype)"
"src/Wino.Mail.WinUI/Services/WinoWindowManager.cs","src/Wino.Mail.MacOS/Services/WinoWindowManager.cs","full-parity roadmap","Compare commands, bindings, keyboard/accessibility, loading/error/empty states and lifecycle against the Windows source","None (only Store UI excluded; print/PDF/general activation/global hotkeys follow prototype)"
"src/Wino.Mail.WinUI/Services/WindowsStartupIntegrationService.cs","src/Wino.Mail.MacOS/Services/WindowsStartupIntegrationService.cs","full-parity roadmap","Compare commands, bindings, keyboard/accessibility, loading/error/empty states and lifecycle against the Windows source","None (only Store UI excluded; print/PDF/general activation/global hotkeys follow prototype)"
"src/Wino.Mail.WinUI/Services/WindowsReaderRuntimeService.cs","src/Wino.Mail.MacOS/Services/WindowsReaderRuntimeService.cs","full-parity roadmap","Compare commands, bindings, keyboard/accessibility, loading/error/empty states and lifecycle against the Windows source","None (only Store UI excluded; print/PDF/general activation/global hotkeys follow prototype)"
"src/Wino.Mail.WinUI/Services/WindowsMailPrintPresenter.cs","src/Wino.Mail.MacOS/Services/WindowsMailPrintPresenter.cs","full-parity roadmap","Compare commands, bindings, keyboard/accessibility, loading/error/empty states and lifecycle against the Windows source","None (only Store UI excluded; print/PDF/general activation/global hotkeys follow prototype)"
"src/Wino.Mail.WinUI/Services/WindowsAttachmentPlatformService.cs","src/Wino.Mail.MacOS/Services/WindowsAttachmentPlatformService.cs","full-parity roadmap","Compare commands, bindings, keyboard/accessibility, loading/error/empty states and lifecycle against the Windows source","None (only Store UI excluded; print/PDF/general activation/global hotkeys follow prototype)"
"src/Wino.Mail.WinUI/Services/WindowsApplicationResourceResolver.cs","src/Wino.Mail.MacOS/Services/WindowsApplicationResourceResolver.cs","full-parity roadmap","Compare commands, bindings, keyboard/accessibility, loading/error/empty states and lifecycle against the Windows source","None (only Store UI excluded; print/PDF/general activation/global hotkeys follow prototype)"
"src/Wino.Mail.WinUI/Controls/Illustrations/WinoCompanionTrayIllustration.xaml","src/Wino.Mail.MacOS/Controls/Illustrations/WinoCompanionTrayIllustration.cs","full-parity roadmap","Compare commands, bindings, keyboard/accessibility, loading/error/empty states and lifecycle against the Windows source","None (only Store UI excluded; print/PDF/general activation/global hotkeys follow prototype)"
"src/Wino.Mail.WinUI/Controls/Illustrations/WinoEmptyFolderIllustration.xaml","src/Wino.Mail.MacOS/Controls/Illustrations/WinoEmptyFolderIllustration.cs","full-parity roadmap","Compare commands, bindings, keyboard/accessibility, loading/error/empty states and lifecycle against the Windows source","None (only Store UI excluded; print/PDF/general activation/global hotkeys follow prototype)"
"src/Wino.Mail.WinUI/Styles/WinoAppShellNavigationViewStyle.xaml","src/Wino.Mail.MacOS/Styles/WinoAppShellNavigationViewStyle.cs","full-parity roadmap","Compare commands, bindings, keyboard/accessibility, loading/error/empty states and lifecycle against the Windows source","None (only Store UI excluded; print/PDF/general activation/global hotkeys follow prototype)"
"src/Wino.Mail.WinUI/Styles/WinoInfoBar.xaml","src/Wino.Mail.MacOS/Styles/WinoInfoBar.cs","full-parity roadmap","Compare commands, bindings, keyboard/accessibility, loading/error/empty states and lifecycle against the Windows source","None (only Store UI excluded; print/PDF/general activation/global hotkeys follow prototype)"
"src/Wino.Mail.WinUI/Styles/WinoIcons.xaml","src/Wino.Mail.MacOS/Styles/WinoIcons.cs","full-parity roadmap","Compare commands, bindings, keyboard/accessibility, loading/error/empty states and lifecycle against the Windows source","None (only Store UI excluded; print/PDF/general activation/global hotkeys follow prototype)"
"src/Wino.Mail.WinUI/Styles/WinoExpanderStyle.xaml","src/Wino.Mail.MacOS/Styles/WinoExpanderStyle.cs","full-parity roadmap","Compare commands, bindings, keyboard/accessibility, loading/error/empty states and lifecycle against the Windows source","None (only Store UI excluded; print/PDF/general activation/global hotkeys follow prototype)"
"src/Wino.Mail.WinUI/Styles/WinoContactPicture.xaml","src/Wino.Mail.MacOS/Styles/WinoContactPicture.cs","full-parity roadmap","Compare commands, bindings, keyboard/accessibility, loading/error/empty states and lifecycle against the Windows source","None (only Store UI excluded; print/PDF/general activation/global hotkeys follow prototype)"
"src/Wino.Mail.WinUI/Styles/WinoCalendarTypeSelectorControl.xaml","src/Wino.Mail.MacOS/Styles/WinoCalendarTypeSelectorControl.cs","full-parity roadmap","Compare commands, bindings, keyboard/accessibility, loading/error/empty states and lifecycle against the Windows source","None (only Store UI excluded; print/PDF/general activation/global hotkeys follow prototype)"
"src/Wino.Mail.WinUI/Styles/Mail/MailListItemTemplates.xaml","src/Wino.Mail.MacOS/Styles/Mail/MailListItemTemplates.cs","full-parity roadmap","Compare commands, bindings, keyboard/accessibility, loading/error/empty states and lifecycle against the Windows source","None (only Store UI excluded; print/PDF/general activation/global hotkeys follow prototype)"
"src/Wino.Mail.WinUI/Controls/Illustrations/WinoNoMailSelectedIllustration.xaml","src/Wino.Mail.MacOS/Controls/Illustrations/WinoNoMailSelectedIllustration.cs","full-parity roadmap","Compare commands, bindings, keyboard/accessibility, loading/error/empty states and lifecycle against the Windows source","None (only Store UI excluded; print/PDF/general activation/global hotkeys follow prototype)"
"src/Wino.Mail.WinUI/Controls/Illustrations/WinoNoContactsIllustration.xaml","src/Wino.Mail.MacOS/Controls/Illustrations/WinoNoContactsIllustration.cs","full-parity roadmap","Compare commands, bindings, keyboard/accessibility, loading/error/empty states and lifecycle against the Windows source","None (only Store UI excluded; print/PDF/general activation/global hotkeys follow prototype)"
"src/Wino.Mail.WinUI/Controls/Illustrations/WinoNoContactSelectedIllustration.xaml","src/Wino.Mail.MacOS/Controls/Illustrations/WinoNoContactSelectedIllustration.cs","full-parity roadmap","Compare commands, bindings, keyboard/accessibility, loading/error/empty states and lifecycle against the Windows source","None (only Store UI excluded; print/PDF/general activation/global hotkeys follow prototype)"
"src/Wino.Mail.WinUI/Controls/Illustrations/WinoIntelligencePromotionIllustration.xaml","src/Wino.Mail.MacOS/Controls/Illustrations/WinoIntelligencePromotionIllustration.cs","full-parity roadmap","Compare commands, bindings, keyboard/accessibility, loading/error/empty states and lifecycle against the Windows source","None (only Store UI excluded; print/PDF/general activation/global hotkeys follow prototype)"
"src/Wino.Mail.WinUI/Controls/Illustrations/WinoFocusOnYourDayIllustration.xaml","src/Wino.Mail.MacOS/Controls/Illustrations/WinoFocusOnYourDayIllustration.cs","full-parity roadmap","Compare commands, bindings, keyboard/accessibility, loading/error/empty states and lifecycle against the Windows source","None (only Store UI excluded; print/PDF/general activation/global hotkeys follow prototype)"
"src/Wino.Mail.WinUI/Styles/SharedStyles.xaml","src/Wino.Mail.MacOS/Styles/SharedStyles.cs","full-parity roadmap","Compare commands, bindings, keyboard/accessibility, loading/error/empty states and lifecycle against the Windows source","None (only Store UI excluded; print/PDF/general activation/global hotkeys follow prototype)"
"src/Wino.Mail.WinUI/Styles/ShellMenu/ShellMenuTemplates.xaml","src/Wino.Mail.MacOS/Styles/ShellMenu/ShellMenuTemplates.cs","full-parity roadmap","Compare commands, bindings, keyboard/accessibility, loading/error/empty states and lifecycle against the Windows source","None (only Store UI excluded; print/PDF/general activation/global hotkeys follow prototype)"
